-- MySQL dump 10.13  Distrib 5.1.73, for redhat-linux-gnu (x86_64)
--
-- Host: localhost    Database: storage
-- ------------------------------------------------------
-- Server version	5.1.73

/*!40101 SET @OLD_CHARACTER_SET_CLIENT=@@CHARACTER_SET_CLIENT */;
/*!40101 SET @OLD_CHARACTER_SET_RESULTS=@@CHARACTER_SET_RESULTS */;
/*!40101 SET @OLD_COLLATION_CONNECTION=@@COLLATION_CONNECTION */;
/*!40101 SET NAMES utf8 */;
/*!40103 SET @OLD_TIME_ZONE=@@TIME_ZONE */;
/*!40103 SET TIME_ZONE='+00:00' */;
/*!40014 SET @OLD_UNIQUE_CHECKS=@@UNIQUE_CHECKS, UNIQUE_CHECKS=0 */;
/*!40014 SET @OLD_FOREIGN_KEY_CHECKS=@@FOREIGN_KEY_CHECKS, FOREIGN_KEY_CHECKS=0 */;
/*!40101 SET @OLD_SQL_MODE=@@SQL_MODE, SQL_MODE='NO_AUTO_VALUE_ON_ZERO' */;
/*!40111 SET @OLD_SQL_NOTES=@@SQL_NOTES, SQL_NOTES=0 */;

--
-- Table structure for table `auth_group`
--

DROP TABLE IF EXISTS `auth_group`;
/*!40101 SET @saved_cs_client     = @@character_set_client */;
/*!40101 SET character_set_client = utf8 */;
CREATE TABLE `auth_group` (
  `id` int(11) NOT NULL AUTO_INCREMENT,
  `name` varchar(80) NOT NULL,
  PRIMARY KEY (`id`),
  UNIQUE KEY `name` (`name`)
) ENGINE=MyISAM AUTO_INCREMENT=30 DEFAULT CHARSET=latin1;
/*!40101 SET character_set_client = @saved_cs_client */;

--
-- Dumping data for table `auth_group`
--

LOCK TABLES `auth_group` WRITE;
/*!40000 ALTER TABLE `auth_group` DISABLE KEYS */;
INSERT INTO `auth_group` VALUES (1,'admin'),(2,'Cancer Genomics'),(3,'ARP'),(4,'Bacterial Genomics and Host Pathogen Interactions'),(5,'BIF Oleg'),(6,'CBCB'),(7,'Centre for Viral Zoonoses'),(8,'CFPRG'),(9,'CMEG Cowan'),(10,'CMEG Makhalanyane'),(11,'DNA Sequencing Laboratory'),(12,'FABI/TPCP Barnes'),(13,'FABI/TPCP Slippers'),(14,'Female Health'),(15,'FMG Mizrahi'),(16,'FMG Myburg'),(17,'FMG Naidoo'),(18,'Hefer OVI'),(19,'ICMM'),(20,'Ion Torrent Sequencing Facility'),(21,'M2PL'),(22,'MBoP'),(23,'MMR'),(24,'MPPI'),(25,'Orbivirus'),(26,'Rhizobia research'),(27,'Scarab Research Group'),(28,'Social Insects Research Group (SIRG)'),(29,'Tick vaccines');
/*!40000 ALTER TABLE `auth_group` ENABLE KEYS */;
UNLOCK TABLES;

--
-- Table structure for table `auth_group_permissions`
--

DROP TABLE IF EXISTS `auth_group_permissions`;
/*!40101 SET @saved_cs_client     = @@character_set_client */;
/*!40101 SET character_set_client = utf8 */;
CREATE TABLE `auth_group_permissions` (
  `id` int(11) NOT NULL AUTO_INCREMENT,
  `group_id` int(11) NOT NULL,
  `permission_id` int(11) NOT NULL,
  PRIMARY KEY (`id`),
  UNIQUE KEY `auth_group_permissions_group_id_permission_id_0cd325b0_uniq` (`group_id`,`permission_id`),
  KEY `auth_group_permissions_group_id_b120cbf9` (`group_id`),
  KEY `auth_group_permissions_permission_id_84c5c92e` (`permission_id`)
) ENGINE=MyISAM AUTO_INCREMENT=19 DEFAULT CHARSET=latin1;
/*!40101 SET character_set_client = @saved_cs_client */;

--
-- Dumping data for table `auth_group_permissions`
--

LOCK TABLES `auth_group_permissions` WRITE;
/*!40000 ALTER TABLE `auth_group_permissions` DISABLE KEYS */;
INSERT INTO `auth_group_permissions` VALUES (1,1,1),(2,1,2),(3,1,3),(4,1,4),(5,1,5),(6,1,6),(7,1,7),(8,1,8),(9,1,9),(10,1,10),(11,1,11),(12,1,12),(13,1,13),(14,1,14),(15,1,15),(16,1,16),(17,1,17),(18,1,18);
/*!40000 ALTER TABLE `auth_group_permissions` ENABLE KEYS */;
UNLOCK TABLES;

--
-- Table structure for table `auth_permission`
--

DROP TABLE IF EXISTS `auth_permission`;
/*!40101 SET @saved_cs_client     = @@character_set_client */;
/*!40101 SET character_set_client = utf8 */;
CREATE TABLE `auth_permission` (
  `id` int(11) NOT NULL AUTO_INCREMENT,
  `name` varchar(255) NOT NULL,
  `content_type_id` int(11) NOT NULL,
  `codename` varchar(100) NOT NULL,
  PRIMARY KEY (`id`),
  UNIQUE KEY `auth_permission_content_type_id_codename_01ab375a_uniq` (`content_type_id`,`codename`),
  KEY `auth_permission_content_type_id_2f476e4b` (`content_type_id`)
) ENGINE=MyISAM AUTO_INCREMENT=37 DEFAULT CHARSET=latin1;
/*!40101 SET character_set_client = @saved_cs_client */;

--
-- Dumping data for table `auth_permission`
--

LOCK TABLES `auth_permission` WRITE;
/*!40000 ALTER TABLE `auth_permission` DISABLE KEYS */;
INSERT INTO `auth_permission` VALUES (1,'Can add log entry',1,'add_logentry'),(2,'Can change log entry',1,'change_logentry'),(3,'Can delete log entry',1,'delete_logentry'),(4,'Can add permission',2,'add_permission'),(5,'Can change permission',2,'change_permission'),(6,'Can delete permission',2,'delete_permission'),(7,'Can add group',3,'add_group'),(8,'Can change group',3,'change_group'),(9,'Can delete group',3,'delete_group'),(10,'Can add user',4,'add_user'),(11,'Can change user',4,'change_user'),(12,'Can delete user',4,'delete_user'),(13,'Can add content type',5,'add_contenttype'),(14,'Can change content type',5,'change_contenttype'),(15,'Can delete content type',5,'delete_contenttype'),(16,'Can add session',6,'add_session'),(17,'Can change session',6,'change_session'),(18,'Can delete session',6,'delete_session'),(19,'Can add lustre storage',7,'add_lustrestorage'),(20,'Can change lustre storage',7,'change_lustrestorage'),(21,'Can delete lustre storage',7,'delete_lustrestorage'),(22,'Can add home storage',8,'add_homestorage'),(23,'Can change home storage',8,'change_homestorage'),(24,'Can delete home storage',8,'delete_homestorage'),(25,'Can add storage usage',9,'add_storageusage'),(26,'Can change storage usage',9,'change_storageusage'),(27,'Can delete storage usage',9,'delete_storageusage'),(28,'Can add storage volume',10,'add_storagevolume'),(29,'Can change storage volume',10,'change_storagevolume'),(30,'Can delete storage volume',10,'delete_storagevolume'),(31,'Can add profile',11,'add_profile'),(32,'Can change profile',11,'change_profile'),(33,'Can delete profile',11,'delete_profile'),(34,'Can add billing model',12,'add_billingmodel'),(35,'Can change billing model',12,'change_billingmodel'),(36,'Can delete billing model',12,'delete_billingmodel');
/*!40000 ALTER TABLE `auth_permission` ENABLE KEYS */;
UNLOCK TABLES;

--
-- Table structure for table `auth_user`
--

DROP TABLE IF EXISTS `auth_user`;
/*!40101 SET @saved_cs_client     = @@character_set_client */;
/*!40101 SET character_set_client = utf8 */;
CREATE TABLE `auth_user` (
  `id` int(11) NOT NULL AUTO_INCREMENT,
  `password` varchar(128) NOT NULL,
  `last_login` datetime DEFAULT NULL,
  `is_superuser` tinyint(1) NOT NULL,
  `username` varchar(150) NOT NULL,
  `first_name` varchar(30) NOT NULL,
  `last_name` varchar(150) NOT NULL,
  `email` varchar(254) NOT NULL,
  `is_staff` tinyint(1) NOT NULL,
  `is_active` tinyint(1) NOT NULL,
  `date_joined` datetime NOT NULL,
  PRIMARY KEY (`id`),
  UNIQUE KEY `username` (`username`)
) ENGINE=MyISAM AUTO_INCREMENT=185 DEFAULT CHARSET=latin1;
/*!40101 SET character_set_client = @saved_cs_client */;

--
-- Dumping data for table `auth_user`
--

LOCK TABLES `auth_user` WRITE;
/*!40000 ALTER TABLE `auth_user` DISABLE KEYS */;
INSERT INTO `auth_user` VALUES (1,'pbkdf2_sha256$100000$C5QTYb6S2Usn$mvkfcMSgYQTTiog9xdumuR7iWak67Bwt6EOa5Sk2cVg=','2018-01-10 06:23:54',1,'admin','','','fourie.joubert@up.ac.za',1,1,'2018-01-10 06:23:30'),(2,'pbkdf2_sha256$100000$eqFFt2y2QJsw$2F4mbl+CloyzL8UqZyW1iber8zFbmoYuGJUsZP0ktGI=','2018-04-17 15:04:57',1,'fourie','Fourie','Joubert','fourie.joubert@up.ac.za',1,1,'2018-01-10 06:24:45'),(71,'pbkdf2_sha256$100000$6FlFH18muVMc$GqkiESwXDRhH+dA8d9DAB6IXqlmeN5GICUu7OiDoegE=',NULL,0,'lyn-marie','Lyn-Marie','Birkholtz','lynmarie.birkholtz@up.ac.za',0,1,'2018-04-17 13:18:36'),(69,'pbkdf2_sha256$100000$CX2xJVxqfzxF$w1e5aBP0FCF6idRgR43c8j02A9M0LrF24PM1jVBn488=',NULL,0,'michael','Michael','Pepper','michael.pepper@up.ac.za',0,1,'2018-04-17 13:18:36'),(70,'pbkdf2_sha256$100000$K99b128ZqGu2$v/ft4rFXPfAWIxMMunaFkZvWPNciwMlza1EoWMLHbqM=',NULL,0,'nicky','Nicky','Olivier','nicky.olivier@up.ac.za',0,1,'2018-04-17 13:18:36'),(68,'pbkdf2_sha256$100000$UxR0qu6VbkGQ$svqmQIGllRHLP6NaZ7TKqEpMBCSbSS0MeNt7/Fp825E=',NULL,0,'charles','Charles','Hefer','charles.hefer@up.ac.za',0,1,'2018-04-17 13:18:36'),(67,'pbkdf2_sha256$100000$PVX8IcpySmOs$HV0+ywaLcfqWCMLVaENPOlBDTe/G+Ak/slMk+dOwCbY=',NULL,0,'sanushka','Sanushka','Naidoo','sanushka.naidoo@up.ac.za',0,1,'2018-04-17 13:18:35'),(66,'pbkdf2_sha256$100000$zLOK3RjyDqOD$q1ZMF0n3Fp6DRu+0RlJXwp0ub+HkrqPoODFE0jaRfyA=','2018-04-17 14:35:57',0,'zander','Zander','Myburg','zander.myburg@up.ac.za',0,1,'2018-04-17 13:18:35'),(65,'pbkdf2_sha256$100000$35sqTvhyO8NJ$/YC+g4KzbGadMMO9SZPKguZEY82QbRIGkgfuLJV64h0=',NULL,0,'eshchar','Eshchar','Mizrachi','eshchar.mizrachi@up.ac.za',0,1,'2018-04-17 13:18:35'),(64,'pbkdf2_sha256$100000$mNyfVbU9cI4A$9cdH8nlU3zz89zvgDXeusLY/rY6MLOYjcuCEWxFkEJc=',NULL,0,'marleen','Marleen','Kock','marleen.kock@up.ac.za',0,1,'2018-04-17 13:18:35'),(63,'pbkdf2_sha256$100000$wx5ioZX7jPZo$evBu7vmzBQ2F6pRN0Rhs9BTvAupYCjj9AGB1y4D8lRg=',NULL,0,'bernard','Bernard','Slippers','bernard.slippers@up.ac.za',0,1,'2018-04-17 13:18:35'),(62,'pbkdf2_sha256$100000$GRhEHGen8poq$2v6mCQcdy/xWqrYK6CE05ipyR1ShYCZdKwE1+MaiXEc=',NULL,0,'irene','Irene','Barnes','irene.barnes@fabi.up.ac.za',0,1,'2018-04-17 13:18:35'),(61,'pbkdf2_sha256$100000$Xp5s5j18Vl92$0A6VJ66Ulw4lXYm5R3D+G6RDZ3WyCMQ91VLpKZQvOt4=',NULL,0,'renate','Renate','Zipfel','renate.zipfel@fabi.up.ac.za',0,1,'2018-04-17 13:18:35'),(60,'pbkdf2_sha256$100000$cbd5kab97mfn$1t8/2TRVrk140bh5B80hy2g0B7iFBqWT/45p5AeYRB8=','2018-04-17 14:30:32',0,'thulani','Thulani','Makhalanyane','thulani.makhalanyane@up.ac.za',0,1,'2018-04-17 13:18:34'),(59,'pbkdf2_sha256$100000$5H82w7wOblbY$5eJ4VGHzDGX9f/Yr22ZJqcLggDA377kMRGDY7BJpslM=',NULL,0,'don','Don','Cowan','don.cowan@up.ac.za',0,1,'2018-04-17 13:18:34'),(58,'pbkdf2_sha256$100000$OChms0ErIv95$QIz/egBZVR5h8DHuoFx1XiRDbnh1tPxBu+tglxjA1g0=',NULL,0,'bridget','Bridget','Crampton','bgcrampton@gmail.com',0,1,'2018-04-17 13:18:34'),(57,'pbkdf2_sha256$100000$uUjBqEhdrapK$WGJU5uOvYZ17SjtqnLq3NYEfRnUu0+eQz9X3rtSj0pM=',NULL,0,'wanda','Wanda','Markotter','wanda.markotter@up.ac.za',0,1,'2018-04-17 13:18:34'),(56,'pbkdf2_sha256$100000$56yfkmYCOqj1$RwCZ5D/G5AdIdD5lMF7ZqGHfv6ggFN4HKbwVldvodVo=','2018-04-17 14:55:01',1,'johann','Johann','Swart','johann.swart@up.ac.za',1,1,'2018-04-17 13:18:34'),(55,'pbkdf2_sha256$100000$X070PaKsHM5f$rdMoM4Q7pPlb/ylF1sBV05yy9sRcEkfcWDX22lifkPU=',NULL,0,'oleg','Oleg','Reva','oleg.reva@up.ac.za',0,1,'2018-04-17 13:18:34'),(54,'pbkdf2_sha256$100000$zGvSDIloTFNF$S1JyVPmuPL9TRqoBgw3tgHcSqsw3NpBx4IhWl2gmK10=',NULL,0,'lucy','Lucy','Moleleki','lucy.moleleki@up.ac.za',0,1,'2018-04-17 13:18:33'),(53,'pbkdf2_sha256$100000$kcU0w1HFXMul$0MHAs/z+T9FrdoudKUumiyBNQHn7A1CRpBkPDx9iSZc=',NULL,0,'noelani','Noelani','Van den Berg','noelani.vdberg@fabi.up.ac.za',0,1,'2018-04-17 13:18:33'),(72,'pbkdf2_sha256$100000$mVN42eF4mXV4$gMvVNlTYCbytApiuy2peP/WO9Q2tc3Viu3uJlMFzUyE=',NULL,0,'pamela','Pamela','de Waal','pam.dewaal@up.ac.za',0,1,'2018-04-17 13:18:36'),(73,'pbkdf2_sha256$100000$Sl2Jty0yXcKb$WQh83hoW5521AS7ElXBPbCLIER1aQOTWklsic36Jzww=',NULL,0,'wilma','Wilma','Fick','wilma.fick@up.ac.za',0,1,'2018-04-17 13:18:36'),(74,'pbkdf2_sha256$100000$j4Vlbdw6GS5h$B1QzHtQBv4yLHCsZietaN+UgIaCmp7qRsKWWFfERGBs=','2018-04-17 14:36:44',0,'dave','Dave','Berger','dave.berger@up.ac.za',0,1,'2018-04-17 13:18:37'),(75,'pbkdf2_sha256$100000$iTDWugEt67yo$pHI7O5WuTWSg7qTa5nBhVRn7LBw7aPsmh9981PzPrhE=',NULL,0,'vida','Vida','van Staden','vida.vanstaden@up.ac.za',0,1,'2018-04-17 13:18:37'),(76,'pbkdf2_sha256$100000$SolWRc63HBOy$sFRFxYNYGUOyzxUlXgwqzIiujObvhGgvJWOAAgNuwa0=',NULL,0,'fanus','Fanus','Venter','fanus.venter@up.ac.za',0,1,'2018-04-17 13:18:37'),(77,'pbkdf2_sha256$100000$d726v84KRIsU$JBtAKOkq/6bdmxJ8pgNAQBTBf4ap+JBS51Ar5Zi7zNY=',NULL,0,'catherine','Catherine','Sole','catherine.sole@up.ac.za',0,1,'2018-04-17 13:18:37'),(78,'pbkdf2_sha256$100000$V2QQ5fzKCetU$T9KDFqDc7V0oYMJU52xWTbNeFa6Xd706Yt2E8RulTOk=',NULL,0,'christian','Christian','Pirk','christian.pirk@up.ac.za',0,1,'2018-04-17 13:18:37'),(79,'pbkdf2_sha256$100000$fQTUiKiT7zGl$WrB4V9NN1N9PGGJbkWVrQ+aun5z+sqhBK1Vsyv69QkU=',NULL,0,'christine','Christine','Maritz-Olivier','christine.maritz@up.ac.za',0,1,'2018-04-17 13:18:37'),(86,'pbkdf2_sha256$100000$iY9q5bTUeL8c$xayZn0vbE7IUecr7ER+RqZylXcBOtVU27Nuu1QEPRek=',NULL,0,'abi','Renate','Zipfel','renate.zipfel@fabi.up.ac.za',0,1,'2018-04-17 14:10:40'),(87,'pbkdf2_sha256$100000$UQvvAIyMxMcK$768na2jzkrgpgsR45m9janbxdShUE2HPwH5hFSWr3G8=',NULL,0,'acolic','Antoinette','Colic','antoinette-d@mweb.co.za',0,1,'2018-04-17 14:10:40'),(88,'pbkdf2_sha256$100000$XTU4jiqP0VEI$vNpbLbxwk5z+JSD0Te6yNxEtWP4c0ieP4thK71WQtyw=',NULL,0,'adeola','Adeola','Rotimi','talk2adey100@gmail.com',0,1,'2018-04-17 14:10:40'),(89,'pbkdf2_sha256$100000$RbV2ALdnxYon$vscXeFyYtncBe2XMlUnI3Ayj6hDPDAPWPAEa9ysEomY=',NULL,0,'alisa','Alisa','Postma','alisa.postma@fabi.up.ac.za',0,1,'2018-04-17 14:10:40'),(90,'pbkdf2_sha256$100000$LyYcgpavlQjE$YNqPAlnnaD+uRR138GvOyShmaC7vmaOO5L9LpVTJPN8=','2018-04-17 14:14:38',0,'andries','Andries','van der Walt','andriesvanderwalt@gmail.com',0,1,'2018-04-17 14:10:40'),(91,'pbkdf2_sha256$100000$m76QJoPSjylu$ktpvNqM/9MDXSZxuGCkqvJNPZK2kGVeLH2IML7beWUs=',NULL,0,'angelica','Angelica','Marsberg-De Villiers','angelica.marsberg@fabi.up.ac.za',0,1,'2018-04-17 14:10:40'),(92,'pbkdf2_sha256$100000$lTYwh413gQt7$16LM3njPSHih4Zm3up2Fnd+5C1pcjgBqy5dzqZMNYKM=',NULL,0,'ansie','Anna','Yssel','aejysselansie@gmail.com',0,1,'2018-04-17 14:10:41'),(93,'pbkdf2_sha256$100000$Ps88ldLkgZ9I$2zoVdv7/RFHHsk/JNbVmOwfCEQiuwO0WCbdcNwXI7jM=',NULL,0,'antonk','Anton','Klingenberg','ant.kling08@gmail.com',0,1,'2018-04-17 14:10:41'),(94,'pbkdf2_sha256$100000$9RlKBQi1zWjZ$CureOTh0EeQ7VN0ie9HO9sQmLo+zIcvWID+2MsXNcPw=',NULL,0,'ariska','Ariska','van der Nest','ariska.vandernest@fabi.up.ac.za',0,1,'2018-04-17 14:10:41'),(95,'pbkdf2_sha256$100000$9YobOnx99wSo$FPd1AcXlXHhcNW4nXJwSPXVpFOCs2INNA5UpByQvspw=',NULL,0,'arista','Arista','Fourie','arista.fourie@fabi.up.ac.za',0,1,'2018-04-17 14:10:41'),(96,'pbkdf2_sha256$100000$gwW4CLL3rKrU$CIfJxsad9Bzh67JBOepuBP3XXgbALRDhJmjXOwm8bGs=',NULL,0,'biancarj','Bianca','Rodrigues Jardim','bianca.jardim@up.ac.za',0,1,'2018-04-17 14:10:41'),(97,'pbkdf2_sha256$100000$KUABwNUWEWLG$HzoVhDpfCYcaSXouY2GoW8pNlMCjVQbj3snrUsDm4sk=',NULL,0,'breandan','Breandan','Lawson','fourie.joubert@up.ac.za',0,1,'2018-04-17 14:10:41'),(98,'pbkdf2_sha256$100000$AsViJkBhOium$g1eRfYzrQIHdbhsWH1jjthEXR+vLpZr8qFMhUTVUwrM=',NULL,0,'brigitte','Brigitte','Langenhoven','brigitte.langenhoven@gmail.com',0,1,'2018-04-17 14:10:41'),(99,'pbkdf2_sha256$100000$IIu2htfAhuvE$sndaosvfuBbnJ79z66HukHn4PxK9zlqTPq0Fwl1Xzyc=',NULL,0,'caryn','Caryn','Oates','caryn.oates@up.ac.za',0,1,'2018-04-17 14:10:42'),(100,'pbkdf2_sha256$100000$iBAuchUODUhI$MJy3dWQ1Lx4HA7FoWQ3s4kSCz18LXvyHRTtP/2CZSG0=',NULL,0,'clsole','Catherine','Sole','catherine.sole@up.ac.za',0,1,'2018-04-17 14:10:42'),(101,'pbkdf2_sha256$100000$5au4VgH0QqqI$fHCA1RmxLpKKX3N2yjaopBAzTpXjOYMp4oaP3fV0UmE=',NULL,0,'CMO-Rmic','Christine','Maritz-Olivier','christine.maritz@up.ac.za',0,1,'2018-04-17 14:10:42'),(102,'pbkdf2_sha256$100000$IAsRL9EFS4Fg$byC4FXrqoZx1k1GapE9MYkVJ3J3PR2sVp/9RsAL6wSE=',NULL,0,'cpgrftp','Dave','Berger','dave.berger@up.ac.za',0,1,'2018-04-17 14:10:42'),(103,'pbkdf2_sha256$100000$aBYuM8FzBKyc$CdN8t/pNVjUeQ4Dp4MrwyNM35X6hqwx1Dy9gmB5jrbU=',NULL,0,'danielb','Daniel','Bellieny-Rabelo','daniel.bellieny@gmail.com',0,1,'2018-04-17 14:10:42'),(104,'pbkdf2_sha256$100000$7K9ySJ4V2pCy$ABpQCUpDFYml3MXa0pGhe5Am2/TxPL1zL9E/g2q25p8=',NULL,0,'danieller','Danielle','Roodt','danielle.roodt@fabi.up.ac.za',0,1,'2018-04-17 14:10:42'),(105,'pbkdf2_sha256$100000$NhdDwd7jgQy3$mt5a44sxCmyrxiGKHWgGUzhFH4XhUFlhU/GzTqYFyGM=',NULL,0,'dartftp','Dave','Berger','dave.berger@up.ac.za',0,1,'2018-04-17 14:10:43'),(106,'pbkdf2_sha256$100000$uC2lp0QyehhD$X6zUMAFWFGfOUGVRrW7NHjoOOej0i8xyCanLkFzJYyA=',NULL,0,'desre','Desre','Pinard','desre.pinard@fabi.up.ac.za',0,1,'2018-04-17 14:10:43'),(107,'pbkdf2_sha256$100000$G2Bf5rnNQtbH$b7SVnCbjCQCoJnJjOSEkQrMUvABcee2YFXQhvyBzzvQ=',NULL,0,'dewalde','Dewald','Eygelaar','eygelaardewald@gmail.com',0,1,'2018-04-17 14:10:43'),(108,'pbkdf2_sha256$100000$ZV8kao0VtOM2$ScDwg3AMcwraYlCLOCPZHOYhGZ6iEOFdIThKB0MmAVY=',NULL,0,'dharty','Daniel','Harty','danieljohnharty@gmail.com',0,1,'2018-04-17 14:10:43'),(109,'pbkdf2_sha256$100000$AoeGkaV4Rkj2$dcZjqF/EvP87ycwy4JULWfbHm9unbZ94S67Az9hSol4=',NULL,0,'dillon','Dillon','Muzondiwa','dillonmuzondiwa@gmail.com',0,1,'2018-04-17 14:10:43'),(110,'pbkdf2_sha256$100000$B2Rw4Go4lwIH$4JSVAGSufi8QHgxeTkknJW/9ORftk1kmwhVA6U5SFQA=',NULL,0,'drew','Drew','Behrens','drewjbeh@gmail.com',0,1,'2018-04-17 14:10:43'),(111,'pbkdf2_sha256$100000$6n4g1gEKqyQq$MPBxgGAVJujVlsCxc7yF8EyeVwbp6OSbDkPDbvotDuc=',NULL,0,'druler','Divan','van Ruler','dvruler@gmail.com',0,1,'2018-04-17 14:10:43'),(112,'pbkdf2_sha256$100000$Rn7EDJ0B7QlI$4i4naxvB+ywaEub7Z+KRihvzLNaNfY6JiaOfxX4H9tg=',NULL,0,'duncan','Dave','Berger','dave.berger@up.ac.za',0,1,'2018-04-17 14:10:44'),(113,'pbkdf2_sha256$100000$jEpKAuqZNn9z$fVXXePJ4SUPK7D/pe7MKauLUV4ShhCnEcPqlcZqO440=',NULL,0,'edohan','Edohan','Clasen','edohanclasen@gmail.com',0,1,'2018-04-17 14:10:44'),(114,'pbkdf2_sha256$100000$DBJys8iJ8vgJ$T0GGydXu8wYPVC7uwBVRa0vlw+uXG/tGiR9xpBdn7L0=',NULL,0,'enrico','Enrico','Rubagotti','wilma.fick@up.ac.za',0,1,'2018-04-17 14:10:44'),(115,'pbkdf2_sha256$100000$i3OJbtboZ1AV$FF4Y0llQIm9Pu756uHI5TRGqogaji1/tXdjO6S13zzg=',NULL,0,'erik','Erik','Visser','erik.visser@up.ac.za',0,1,'2018-04-17 14:10:44'),(116,'pbkdf2_sha256$100000$Zw8fb6xQNQOm$ZG0TQMFaAXI8JOfOLUxynPtqMPdGS1TqqTVPP8j3BcQ=',NULL,0,'esmare','Esmare','Human','lynmarie.birkholtz@up.ac.za',0,1,'2018-04-17 14:10:44'),(117,'pbkdf2_sha256$100000$Gh67zsSydnVx$+ib8W3mHAoR7a9hUI1mMMtzNJ8/tO+14JkcTHII9v2M=',NULL,0,'fmumoki','Fiona','Mumoki','nelimafiona@gmail.com',0,1,'2018-04-17 14:10:44'),(118,'pbkdf2_sha256$100000$0O5yCNa73OZ2$hca41UkfdefGBZtEuj5md0DlTeQusQp8nBiEH0U+aOk=',NULL,0,'gayle','Gayle','Wall','gaylevwall@gmail.com',0,1,'2018-04-17 14:10:45'),(119,'pbkdf2_sha256$100000$cJhMalcgznOE$ZJtjtSublcaewZvjLF2u48wQZC5leWfpYg7CiEW8Hm8=',NULL,0,'godwin','Godwin','Mafireyi','mafireyi@gmail.com',0,1,'2018-04-17 14:10:45'),(120,'pbkdf2_sha256$100000$Fh1Ht7YGQxK0$JZ8oknBsSwR9b4oyRY1sbPbSsgPpCWiqifEAiu73V9I=',NULL,0,'gordon','Gordon','Wells','lynmarie.birkholtz@up.ac.za',0,1,'2018-04-17 14:10:45'),(121,'pbkdf2_sha256$100000$Ib6BpR7t4Kef$/JrOVNCs1M9OSPwW9tjVpIhtCMFyJr5i5gv+ymVsG04=',NULL,0,'gregm','Greg','Milner','milnerga@gmail.com',0,1,'2018-04-17 14:10:45'),(122,'pbkdf2_sha256$100000$JzVrOtfcMlWx$zAIGh9o/+70VUodE2CZ9HrJUBOnFF4CaGNf2yNsc1hc=',NULL,0,'gudrun','Gudrun','Dittrich-Schroder','Gudrun.Dittrich@fabi.up.ac.za',0,1,'2018-04-17 14:10:45'),(123,'pbkdf2_sha256$100000$hOeLx5zlT9ZL$H6qkpMK+SU3yTQb9KuWjEP7CmcreciS0IGnUbkayXkE=',NULL,0,'hstrydom','Hannes','Strydom','hannes@strydomonline.co.za',0,1,'2018-04-17 14:10:45'),(124,'pbkdf2_sha256$100000$dvwBUb68TSgT$OphI4jfj3Hk7bn/YSREQ6dCk+gCEZiln8H3B72W2rGg=',NULL,0,'ida','ida','Van Jaarsveld','vdmerwe.karen@gmail.com',0,1,'2018-04-17 14:10:45'),(125,'pbkdf2_sha256$100000$O99HPsJ9hKOr$YNlCfDHQBfpfd0Hf6nlwEMJGp0j2jJbtp3ixULHic3k=',NULL,0,'ingridr','Ingrid','Rossouw','ingridr54@gmail.com',0,1,'2018-04-17 14:10:46'),(126,'pbkdf2_sha256$100000$crYIfz1DyHiE$rXjmmREQR3rgr6XUEZlN4qM9oigNAjOOwKkh/uNOcrM=',NULL,0,'ionadmin','Nicky','Olivier','nicky.olivier@up.ac.za',0,1,'2018-04-17 14:10:46'),(127,'pbkdf2_sha256$100000$HqJ5aSL4wL6w$QU5CY/y/d5xDqxAcve/NymDYSDqSSSwMNTSCV/ikExc=',NULL,0,'iontorrent','Nicky','Olivier','nicky.olivier@up.ac.za',0,1,'2018-04-17 14:10:46'),(128,'pbkdf2_sha256$100000$mqv6Ja2ajwEx$Mxgi+P9fS15qzEYzu/r22u7vUZM/snDsBYqnKtQt+iI=',NULL,0,'jandeli','Jandeli','Niemand','jandeli.niemand@up.ac.za',0,1,'2018-04-17 14:10:46'),(129,'pbkdf2_sha256$100000$me0HVPNadUH7$ZAG383ElX0aHSEV4v4XopipAo3cdpK9oK84+joveZ+o=',NULL,0,'jeanb','Jean-Baptiste','Ramond','jbaptiste.ramond@gmail.com',0,1,'2018-04-17 14:10:46'),(130,'pbkdf2_sha256$100000$wRQtMp8eosYJ$UuT3UYuj4JFVlN9QCfxII/GsZkzUXRfSmb/nkrPYxXk=',NULL,0,'jeanne','Dave','Berger','dave.berger@up.ac.za',0,1,'2018-04-17 14:10:46'),(131,'pbkdf2_sha256$100000$dXRUUCIOVPR4$4jktz6LfZqMN7KWHHwgQXFDtEbnoRxPpEqpIgnd9sxI=',NULL,0,'jeanre','Jeanre','Smidt','fourie.joubert@up.ac.za',0,1,'2018-04-17 14:10:47'),(132,'pbkdf2_sha256$100000$jHFsh4aKHRyn$aQEXDIjCexiv7nwPEI2tg5XtFuwdnPrQAHkKFXt9joc=',NULL,0,'juliet','Fourie','Joubert','fourie.joubert@up.ac.za',0,1,'2018-04-17 14:10:47'),(133,'pbkdf2_sha256$100000$WUJ1t0DTOzzQ$CrAcMDWSbQJqVTIryVCARWu07uZ8/vkUvT3XIo+sVEw=',NULL,0,'karen','Karen','van der Merwe','vdmerwe.karen@gmail.com',0,1,'2018-04-17 14:10:47'),(134,'pbkdf2_sha256$100000$CIck5wZ3o9XC$p9bpI0TGHs/Sfv4h9eBKZHbYI+vfpPj2ScirOXSgd78=',NULL,0,'katrin','Katrin','Fitza','katrin.fitza@fabi.up.ac.za',0,1,'2018-04-17 14:10:47'),(135,'pbkdf2_sha256$100000$4PdGlKrIPqnF$ylfTKWHHZban0pDaaLPn1IPx8F61fT/mK9s1DgHowZ8=',NULL,0,'kirsty','Kirsty','Botha','nicky.olivier@up.ac.za',0,1,'2018-04-17 14:10:47'),(136,'pbkdf2_sha256$100000$ojiSgv6qjgc2$0LQ436Z8wr1ZZ27UP80YM9v4ObrO+gF6RRJJvyvFuPk=',NULL,0,'liberata','Liberata','Mwita','oleg.reva@up.ac.za',0,1,'2018-04-17 14:10:47'),(137,'pbkdf2_sha256$100000$AzriDlVTx99j$Zseo+yQFT7fL175So3CWl0a7YpWhlqtF3o68/5IUVPc=',NULL,0,'lizahn','Karen','van der Merwe','vdmerwe.karen@gmail.com',0,1,'2018-04-17 14:10:47'),(138,'pbkdf2_sha256$100000$zKIPcXozI8zP$U+hzZ2WYSsv1+ywpZOK201654NGmQmMLHeT9W4cwBPk=',NULL,0,'lloubser','Lizette','Loubser','lizette.loubser@hotmail.com',0,1,'2018-04-17 14:10:48'),(139,'pbkdf2_sha256$100000$o6mLhaZbbd7s$hYXZf1AN9PF9S3CZ9ohWZCCEYNjXpg2yPrSzQhWXYIw=',NULL,0,'luise','Luise','Robbertse','luiserobbertse@gmail.com',0,1,'2018-04-17 14:10:48'),(140,'pbkdf2_sha256$100000$nUEs15lajnLL$MBjpQoX+KxrZdEJ5JsJfLiXfpzfdT+3zyNHm72mipSU=',NULL,0,'lynmarie','lynmarie','birkholtz','lbirkholtz@up.ac.za',0,1,'2018-04-17 14:10:48'),(141,'pbkdf2_sha256$100000$KSnUUPMM1M2N$fNkW1s6+rJ+aqp+T6oIbs1GqlZyLaDe68E65hcY6MGw=',NULL,0,'mandy','Mandy','Messal','mandy.messal@fabi.up.ac.za',0,1,'2018-04-17 14:10:48'),(142,'pbkdf2_sha256$100000$JFYYIjPZewzw$L9ToV/6eE0vdRXbTTl0/xvuiRExVJ7IyhK5dWoIksTM=',NULL,0,'marikeg','Marike','Geldenhuys','geldenhuysmarike@gmail.com',0,1,'2018-04-17 14:10:48'),(143,'pbkdf2_sha256$100000$sbTpIbxwR2bn$6/onVjAVgN6j0BBAA0Q4M2a+4sQquJVZPeCrmt5N6uI=',NULL,0,'marindam','Marinda','Mortlock','marinda.moller@gmail.com',0,1,'2018-04-17 14:10:48'),(144,'pbkdf2_sha256$100000$twzRtYEZKhqq$ha3Twf8oxkAjxUtQc2DD0QCmlHKcZgQ7XUBXw6ssjnM=',NULL,0,'marja','Marja','O\'Neill','marja.oneill@up.ac.za',0,1,'2018-04-17 14:10:48'),(145,'pbkdf2_sha256$100000$lJWgrBzMxRDz$b5oNC6Lmf7MHqkuX5nS++Ycp2dKirJrW+I1OJSB+t0g=',NULL,0,'marni','marni','williams','lbirkholtz@up.ac.za',0,1,'2018-04-17 14:10:49'),(146,'pbkdf2_sha256$100000$yXZSlTSlRAsO$LzsYkBW2+j4bqrYReK57ljFlR30G7vXvtqGJ0ZYmERY=',NULL,0,'martinw','Martin','Wierzbicki','martinmegas101@gmail.com',0,1,'2018-04-17 14:10:49'),(147,'pbkdf2_sha256$100000$duwbqGc3xtlk$UA2nS6elJDW4nWRYrBZZc98l7+McoAsVfpc8gZgvdGQ=',NULL,0,'meqtl-audit','Dave','Berger','dave.berger@up.ac.za',0,1,'2018-04-17 14:10:49'),(148,'pbkdf2_sha256$100000$VTyitjPtrslQ$sHNCjfFbSThmQtPF79kxwr9pUQeAvpWHNEkSdHWhdNM=',NULL,0,'meqtl','Dave','Berger','dave.berger@up.ac.za',0,1,'2018-04-17 14:10:49'),(149,'pbkdf2_sha256$100000$2zzebWhVX31W$5fYsN2tQXpUlVR9eo1g9YZrYAe6r1m3E9xhGEO+ICLQ=',NULL,0,'meqtl_report','Dave','Berger','dave.berger@up.ac.za',0,1,'2018-04-17 14:10:49'),(150,'pbkdf2_sha256$100000$JGABAqv6zOwf$+BH0rccaj9SoLCSmQcP5Yl1ldyUI5UZ+gsQZmCSfiGE=',NULL,0,'microarray','Nicky','Olivier','nicky.olivier@up.ac.za',0,1,'2018-04-17 14:10:49'),(151,'pbkdf2_sha256$100000$dQ6pkXW8Ekbw$ec7DaGqYcoXaNP6BedfPIsepBzyZ46M1TVM25Mob+lw=',NULL,0,'miekie','Miekie','Human','miekie.human@fabi.up.ac.za',0,1,'2018-04-17 14:10:50'),(152,'pbkdf2_sha256$100000$yjYRAGrHe9tx$W1wUPFwDuVSvX0IC4PrD1f4kRNwOnEL+qlScBa6TuUk=',NULL,0,'mjoubert','Monique','Joubert','moniiek010@gmail.com',0,1,'2018-04-17 14:10:50'),(153,'pbkdf2_sha256$100000$EUtEdcTlEHso$GpTgseEnzX8cWQF5cikgZuHfUnymx8IqgnomM1eQPfc=',NULL,0,'mppiftp','Dave','Berger','dave.berger@up.ac.za',0,1,'2018-04-17 14:10:50'),(154,'pbkdf2_sha256$100000$EzLKHyozB7h8$3Y6lWbvfIENLYIOJzTR2Wo8C6tQf0dUxd/OUpaEmvyk=',NULL,0,'mqondisi','Mqondisi','Tshabalala','mtshabaz@gmail.com',0,1,'2018-04-17 14:10:50'),(155,'pbkdf2_sha256$100000$YsdUE3hoIJr4$zsz3iHBAC+kyacWYSjAfXSDbAYp2Lv9nnYfonHcdU9I=',NULL,0,'nanette','Nanette','Christie','nanette.christie@gmail.com',0,1,'2018-04-17 14:10:50'),(156,'pbkdf2_sha256$100000$1JHgTzTdNb8c$UFisLBajRtmtiSWjMV8xxjzJZDyejew92P/lN4DCIvo=',NULL,0,'oliver','oliver','bezuidt','oleg.reva@up.ac.za',0,1,'2018-04-17 14:10:50'),(157,'pbkdf2_sha256$100000$DBE7fCA3w8VM$4A2XrL1fmBAizdrMh0ek7DbhY96owpag6LGavwpeDAU=',NULL,0,'osmond','Osmond','Mlonyeni','osmond.mlonyeni@fabi.up.ac.za',0,1,'2018-04-17 14:10:50'),(158,'pbkdf2_sha256$100000$L54V8dEJaXK8$jvBIMUS6nEUdTG0BD2tKNt307HEbEe81l6QTqt66GZ4=',NULL,0,'pieter','Pieter','Burger','pieter.burger@gmail.com',0,1,'2018-04-17 14:10:51'),(159,'pbkdf2_sha256$100000$qz8OkItAbnLa$xpVyeL9RepLNKSJIzESQGpAc9xrwPcl7Isin1dSquOQ=',NULL,0,'plantsftp','Dave','Berger','dave.berger@up.ac.za',0,1,'2018-04-17 14:10:51'),(160,'pbkdf2_sha256$100000$IKRUMJpBPTHp$AO/TnehvmwOW97WmxvLc7FhCYPGX+A5Wwk+dpvcv/UA=',NULL,0,'pooja','Pooja','Singh','pooja.singh09@gmail.com',0,1,'2018-04-17 14:10:51'),(161,'pbkdf2_sha256$100000$kvyem6k1Ekxg$z2qwvQBGrMsgt5CLkDyeya9C6gVztnBnJsTPdcPzJ7w=',NULL,0,'riaansw','Riaan','Swanepoel','riaan.swanepoel@fabi.up.ac.za',0,1,'2018-04-17 14:10:51'),(162,'pbkdf2_sha256$100000$SU8Ar9Ili5kU$0BdkXNVjwdyxnw3QDAo+91BPTafO+dJshNqGGOpd6p8=',NULL,0,'rian','Rian','Pierneef','repierneef@live.com',0,1,'2018-04-17 14:10:51'),(163,'pbkdf2_sha256$100000$eagc38S1nJBf$zsXroGvq1djXcFQn90JGyIO4vjSPWyXNlYzX218zCrs=',NULL,0,'rudi','Rudi','van Wyk','roelofvanwyk89@gmail.com',0,1,'2018-04-17 14:10:51'),(164,'pbkdf2_sha256$100000$9cyFW3E7wHO2$20j8S2+p5urxV3UzKVCUKEDj3Qv06dRfhPZCf0NRbNg=',NULL,0,'samantha','Samantha','Reinecke','samreinecke2@gmail.com',0,1,'2018-04-17 14:10:52'),(165,'pbkdf2_sha256$100000$yWnCbZiBBJBv$EODbkRw72oBq6hm/yCED87YUEAebVYKKHSm5Q0Nutqg=',NULL,0,'sarah','Sarah','Mwangi','wambuisara@gmail.com',0,1,'2018-04-17 14:10:52'),(166,'pbkdf2_sha256$100000$hTG2moQHHr9H$XWydlT5EeJu04cpwLVQHXB7z65pce+fK3mea9LwyNmI=',NULL,0,'shaner','Shane','Redelinghuys','shanered72@gmail.com',0,1,'2018-04-17 14:10:52'),(167,'pbkdf2_sha256$100000$WKQmxmaGlCoW$L+I4dTVUGGL5bw/9a7gKSnyt4Fgk4AluYCb7QIz3IhQ=',NULL,0,'shane','Shane','Redelinghuys','shanered72@gmail.com',0,1,'2018-04-17 14:10:52'),(168,'pbkdf2_sha256$100000$QX6fqn90MgFO$fr38bWtfBDDx6u8zEYdXMLcF2SVXr2SInrSL1346LLw=',NULL,0,'shani','Shani','Bekker','shani.bekker@gmail.com',0,1,'2018-04-17 14:10:52'),(169,'pbkdf2_sha256$100000$0VYRu4g1ZH3y$uF2t/VhSIzegVF6J3INytqBUZOPvJ0cfn6oGel1nB5U=',NULL,0,'shawn','Xiaoyu','Yu','kag3Tsuk1@gmail.com',0,1,'2018-04-17 14:10:52'),(170,'pbkdf2_sha256$100000$DOrCvtdit2G5$5PIqyBMGAU7JaampNnNF7ensPl4GnLgNzOAyfGL3PIA=',NULL,0,'shaza','Shaza','Fadlalla','shaza610@hotmail.com',0,1,'2018-04-17 14:10:52'),(171,'pbkdf2_sha256$100000$YUqtEx110TPU$u/vgs5GbnKF35G6moaw9K++Q8m8uJDGTaME8w+y79FM=',NULL,0,'smakua','Sophie','Makua','u10166760@tuks.co.za',0,1,'2018-04-17 14:10:53'),(172,'pbkdf2_sha256$100000$eLYtJzHvBYVO$aggtuvZa2wzJ5GI0SNEfFX8Dtr2TcbQiO0YrLkbd/9Y=',NULL,0,'stanfordk','Stanford','Kwenda','stanieviv@yahoo.com',0,1,'2018-04-17 14:10:53'),(173,'pbkdf2_sha256$100000$GOw5xNI4VnXg$4BDEMcbeiFctoF7MIqQNEufDn2WfbZ0G6Pi6Gmkhztk=',NULL,0,'stephan','Stephan','Engelbrecht','engelbrechtstephan7@gmail.com',0,1,'2018-04-17 14:10:53'),(174,'pbkdf2_sha256$100000$09rA0MMHYIDo$oYreg1XbqBXO+M43ObeRmB7V9Y8cYekL7L7dJ2v/T1M=',NULL,0,'steven','Steven','Hussey','steven.hussey@fabi.up.ac.za',0,1,'2018-04-17 14:10:53'),(175,'pbkdf2_sha256$100000$lR1oQYpFPgbs$tp8mRaKyJQ5n9M3IEyiYSSQ+U00jSCudIGyR+1TfK7Q=',NULL,0,'surendra','Surendra','Vikram','surendra.vikram@up.ac.za',0,1,'2018-04-17 14:10:53'),(176,'pbkdf2_sha256$100000$AwRbVYB6GfVV$zBBybMzH5trC423Qd/NORl1aGtJpsyHvecUmMxnrwL0=',NULL,0,'tanyaw','Tanya','Welgemoed','tanyawd@gmail.com',0,1,'2018-04-17 14:10:53'),(177,'pbkdf2_sha256$100000$GUkos3Ebe28R$fltW8+wrWdAN8U3OY09PRqjm61hdWQryCzstuHr21Fw=',NULL,0,'tarren','Tarren','Seale','tarren.seale@up.ac.za',0,1,'2018-04-17 14:10:54'),(178,'pbkdf2_sha256$100000$CNXcX3sef0oo$Z0ZK6nsxwuVbHtVIFgZSAzrPohFyCkiei5ucBJ5Ehj0=',NULL,0,'temp acc','Johann','Swart','johann.swart@up.ac.za',0,1,'2018-04-17 14:10:54'),(179,'pbkdf2_sha256$100000$tx1nrb9TPKMH$DPxA0OZC9H/OrXKwmxjhiYIBTo9YZ1JVTDHX7yMktLI=',NULL,0,'tjaart','Tjaart','de Beer','lbirkholtz@up.ac.za',0,1,'2018-04-17 14:10:54'),(180,'pbkdf2_sha256$100000$ZjHWxLB21rU5$oS+IepbsDg9L96tmXWHvnIYn5zd3gBiQX2wBpnz7FqU=',NULL,0,'tomatoftp','Dave','Berger','dave.berger@up.ac.za',0,1,'2018-04-17 14:10:54'),(181,'pbkdf2_sha256$100000$qNw6d4x2htDB$dVMWoAcmOnBko99ag4bgF6vSVoHwomX1DU2kxm1ZuTw=',NULL,0,'tuan','Tuan','Duong','tuan.duong@fabi.up.ac.za',0,1,'2018-04-17 14:10:54'),(182,'pbkdf2_sha256$100000$6ltc9XyufnTj$hyr8Fl69l+F0YOF47Tlh20cPtM4V5CkPllc0Oxu0sD8=',NULL,0,'wai_yin','Annie','Chan','u28241925@tuks.co.za',0,1,'2018-04-17 14:10:54'),(183,'pbkdf2_sha256$100000$nY7Md5deMWvf$DsYU7CtqEKRIJ2O/vcXBYZaijc5Mza2g0Ga8RBYkduk=',NULL,0,'werner','Werner','Smidt','werner.smidt@gmail.com',0,1,'2018-04-17 14:10:54'),(184,'pbkdf2_sha256$100000$PrMElAuBICUy$Ha2ILNzSWuygahtv4MebKs58lyVLzu0Cz+bWqfvYXaM=',NULL,0,'wieko','Wiekolize','Rothmann','wiekolize@gmail.com',0,1,'2018-04-17 14:10:55');
/*!40000 ALTER TABLE `auth_user` ENABLE KEYS */;
UNLOCK TABLES;

--
-- Table structure for table `auth_user_groups`
--

DROP TABLE IF EXISTS `auth_user_groups`;
/*!40101 SET @saved_cs_client     = @@character_set_client */;
/*!40101 SET character_set_client = utf8 */;
CREATE TABLE `auth_user_groups` (
  `id` int(11) NOT NULL AUTO_INCREMENT,
  `user_id` int(11) NOT NULL,
  `group_id` int(11) NOT NULL,
  PRIMARY KEY (`id`),
  UNIQUE KEY `auth_user_groups_user_id_group_id_94350c0c_uniq` (`user_id`,`group_id`),
  KEY `auth_user_groups_user_id_6a12ed8b` (`user_id`),
  KEY `auth_user_groups_group_id_97559544` (`group_id`)
) ENGINE=MyISAM AUTO_INCREMENT=131 DEFAULT CHARSET=latin1;
/*!40101 SET character_set_client = @saved_cs_client */;

--
-- Dumping data for table `auth_user_groups`
--

LOCK TABLES `auth_user_groups` WRITE;
/*!40000 ALTER TABLE `auth_user_groups` DISABLE KEYS */;
INSERT INTO `auth_user_groups` VALUES (1,2,1),(2,2,2),(3,3,2),(4,53,3),(5,54,4),(6,55,5),(7,56,6),(8,57,7),(9,58,8),(10,59,9),(11,60,10),(12,61,11),(13,62,12),(14,63,13),(15,64,14),(16,65,15),(17,66,16),(18,67,17),(19,68,18),(20,69,19),(21,70,20),(22,71,21),(23,72,22),(24,73,23),(25,74,24),(26,75,25),(27,76,26),(28,77,27),(29,78,28),(30,79,29),(31,86,11),(32,87,19),(33,88,5),(34,89,13),(35,90,10),(36,91,13),(37,92,5),(38,93,13),(39,94,12),(40,95,12),(41,96,13),(42,97,2),(43,98,8),(44,99,17),(45,100,27),(46,101,29),(47,102,24),(48,103,4),(49,104,15),(50,105,24),(51,106,15),(52,107,2),(53,108,15),(54,109,5),(55,110,15),(56,111,15),(57,112,24),(58,113,13),(59,114,23),(60,115,17),(61,116,21),(62,117,28),(63,118,25),(64,119,18),(65,120,21),(66,121,2),(67,122,13),(68,123,13),(69,124,16),(70,125,29),(71,126,20),(72,127,20),(73,128,21),(74,129,9),(75,130,24),(76,131,2),(77,132,2),(78,133,16),(79,134,13),(80,135,8),(81,136,5),(82,137,16),(83,138,16),(84,139,29),(85,140,21),(86,141,13),(87,142,7),(88,143,7),(89,144,16),(90,145,21),(91,146,16),(92,147,24),(93,148,24),(94,149,24),(95,150,20),(96,151,8),(97,152,5),(98,153,24),(99,154,19),(100,155,16),(101,156,5),(102,157,13),(103,158,21),(104,159,24),(105,160,16),(106,161,16),(107,162,5),(108,163,21),(109,164,29),(110,165,3),(111,166,14),(112,167,14),(113,168,25),(114,169,5),(115,170,2),(116,171,13),(117,172,4),(118,173,16),(119,174,16),(120,175,9),(121,176,24),(122,177,26),(123,178,6),(124,179,21),(125,180,24),(126,181,13),(127,182,26),(128,183,2),(129,184,22),(130,56,1);
/*!40000 ALTER TABLE `auth_user_groups` ENABLE KEYS */;
UNLOCK TABLES;

--
-- Table structure for table `auth_user_user_permissions`
--

DROP TABLE IF EXISTS `auth_user_user_permissions`;
/*!40101 SET @saved_cs_client     = @@character_set_client */;
/*!40101 SET character_set_client = utf8 */;
CREATE TABLE `auth_user_user_permissions` (
  `id` int(11) NOT NULL AUTO_INCREMENT,
  `user_id` int(11) NOT NULL,
  `permission_id` int(11) NOT NULL,
  PRIMARY KEY (`id`),
  UNIQUE KEY `auth_user_user_permissions_user_id_permission_id_14a6b632_uniq` (`user_id`,`permission_id`),
  KEY `auth_user_user_permissions_user_id_a95ead1b` (`user_id`),
  KEY `auth_user_user_permissions_permission_id_1fbb5f2c` (`permission_id`)
) ENGINE=MyISAM DEFAULT CHARSET=latin1;
/*!40101 SET character_set_client = @saved_cs_client */;

--
-- Dumping data for table `auth_user_user_permissions`
--

LOCK TABLES `auth_user_user_permissions` WRITE;
/*!40000 ALTER TABLE `auth_user_user_permissions` DISABLE KEYS */;
/*!40000 ALTER TABLE `auth_user_user_permissions` ENABLE KEYS */;
UNLOCK TABLES;

--
-- Table structure for table `django_admin_log`
--

DROP TABLE IF EXISTS `django_admin_log`;
/*!40101 SET @saved_cs_client     = @@character_set_client */;
/*!40101 SET character_set_client = utf8 */;
CREATE TABLE `django_admin_log` (
  `id` int(11) NOT NULL AUTO_INCREMENT,
  `action_time` datetime NOT NULL,
  `object_id` longtext,
  `object_repr` varchar(200) NOT NULL,
  `action_flag` smallint(5) unsigned NOT NULL,
  `change_message` longtext NOT NULL,
  `content_type_id` int(11) DEFAULT NULL,
  `user_id` int(11) NOT NULL,
  PRIMARY KEY (`id`),
  KEY `django_admin_log_content_type_id_c4bce8eb` (`content_type_id`),
  KEY `django_admin_log_user_id_c564eba6` (`user_id`)
) ENGINE=MyISAM AUTO_INCREMENT=21 DEFAULT CHARSET=latin1;
/*!40101 SET character_set_client = @saved_cs_client */;

--
-- Dumping data for table `django_admin_log`
--

LOCK TABLES `django_admin_log` WRITE;
/*!40000 ALTER TABLE `django_admin_log` DISABLE KEYS */;
INSERT INTO `django_admin_log` VALUES (1,'2018-01-10 06:24:29','1','admin',1,'[{\"added\": {}}]',3,1),(2,'2018-01-10 06:24:46','2','fourie',1,'[{\"added\": {}}]',4,1),(3,'2018-01-10 06:25:09','2','fourie',2,'[{\"changed\": {\"fields\": [\"first_name\", \"last_name\", \"email\", \"is_staff\", \"is_superuser\", \"groups\"]}}]',4,1),(4,'2018-01-10 08:46:50','1','LustreStorage object (1)',1,'[{\"added\": {}}]',7,1),(5,'2018-01-10 08:51:37','1','HomeStorage object (1)',1,'[{\"added\": {}}]',8,1),(6,'2018-01-19 09:35:26','1','StorageVolume object (1)',1,'[{\"added\": {}}]',10,1),(7,'2018-01-19 09:35:31','2','StorageVolume object (2)',1,'[{\"added\": {}}]',10,1),(8,'2018-01-19 09:35:35','2','StorageVolume object (2)',2,'[]',10,1),(9,'2018-01-19 09:36:06','1','StorageUsage object (1)',1,'[{\"added\": {}}]',9,1),(10,'2018-01-19 09:36:09','1','StorageUsage object (1)',2,'[]',9,1),(11,'2018-01-22 08:25:57','2','Cancer Genomics',1,'[{\"added\": {}}]',3,1),(12,'2018-01-22 08:31:21','2','fourie',2,'[{\"changed\": {\"fields\": [\"groups\"]}}]',4,1),(13,'2018-01-22 08:39:28','3','test',1,'[{\"added\": {}}]',4,1),(14,'2018-01-22 08:39:47','3','test',2,'[{\"changed\": {\"fields\": [\"first_name\", \"last_name\", \"email\", \"groups\"]}}]',4,1),(15,'2018-01-24 13:45:00','2','StorageVolume object (2)',2,'[{\"changed\": {\"fields\": [\"storage_volume_path\"]}}]',10,2),(16,'2018-01-24 13:45:07','1','StorageVolume object (1)',2,'[{\"changed\": {\"fields\": [\"storage_volume_path\"]}}]',10,2),(17,'2018-03-30 19:00:51','2','fourie',2,'[{\"changed\": {\"name\": \"profile\", \"object\": \"Profile object (2)\", \"fields\": [\"quota_lustre\"]}}]',4,2),(18,'2018-03-30 19:05:45','2','fourie',2,'[{\"changed\": {\"name\": \"profile\", \"object\": \"Profile object (2)\", \"fields\": [\"quota_lustre\"]}}]',4,2),(19,'2018-04-17 14:16:48','56','johann',2,'[{\"changed\": {\"fields\": [\"groups\"]}}]',4,2),(20,'2018-04-17 14:48:04','56','johann',2,'[{\"changed\": {\"fields\": [\"is_staff\", \"is_superuser\"]}}]',4,2);
/*!40000 ALTER TABLE `django_admin_log` ENABLE KEYS */;
UNLOCK TABLES;

--
-- Table structure for table `django_content_type`
--

DROP TABLE IF EXISTS `django_content_type`;
/*!40101 SET @saved_cs_client     = @@character_set_client */;
/*!40101 SET character_set_client = utf8 */;
CREATE TABLE `django_content_type` (
  `id` int(11) NOT NULL AUTO_INCREMENT,
  `app_label` varchar(100) NOT NULL,
  `model` varchar(100) NOT NULL,
  PRIMARY KEY (`id`),
  UNIQUE KEY `django_content_type_app_label_model_76bd3d3b_uniq` (`app_label`,`model`)
) ENGINE=MyISAM AUTO_INCREMENT=13 DEFAULT CHARSET=latin1;
/*!40101 SET character_set_client = @saved_cs_client */;

--
-- Dumping data for table `django_content_type`
--

LOCK TABLES `django_content_type` WRITE;
/*!40000 ALTER TABLE `django_content_type` DISABLE KEYS */;
INSERT INTO `django_content_type` VALUES (1,'admin','logentry'),(2,'auth','permission'),(3,'auth','group'),(4,'auth','user'),(5,'contenttypes','contenttype'),(6,'sessions','session'),(7,'storageadmin','lustrestorage'),(8,'storageadmin','homestorage'),(9,'storageadmin','storageusage'),(10,'storageadmin','storagevolume'),(11,'storageadmin','profile'),(12,'storageadmin','billingmodel');
/*!40000 ALTER TABLE `django_content_type` ENABLE KEYS */;
UNLOCK TABLES;

--
-- Table structure for table `django_migrations`
--

DROP TABLE IF EXISTS `django_migrations`;
/*!40101 SET @saved_cs_client     = @@character_set_client */;
/*!40101 SET character_set_client = utf8 */;
CREATE TABLE `django_migrations` (
  `id` int(11) NOT NULL AUTO_INCREMENT,
  `app` varchar(255) NOT NULL,
  `name` varchar(255) NOT NULL,
  `applied` datetime NOT NULL,
  PRIMARY KEY (`id`)
) ENGINE=MyISAM AUTO_INCREMENT=29 DEFAULT CHARSET=latin1;
/*!40101 SET character_set_client = @saved_cs_client */;

--
-- Dumping data for table `django_migrations`
--

LOCK TABLES `django_migrations` WRITE;
/*!40000 ALTER TABLE `django_migrations` DISABLE KEYS */;
INSERT INTO `django_migrations` VALUES (1,'contenttypes','0001_initial','2018-01-10 06:22:20'),(2,'auth','0001_initial','2018-01-10 06:22:20'),(3,'admin','0001_initial','2018-01-10 06:22:20'),(4,'admin','0002_logentry_remove_auto_add','2018-01-10 06:22:20'),(5,'contenttypes','0002_remove_content_type_name','2018-01-10 06:22:20'),(6,'auth','0002_alter_permission_name_max_length','2018-01-10 06:22:20'),(7,'auth','0003_alter_user_email_max_length','2018-01-10 06:22:20'),(8,'auth','0004_alter_user_username_opts','2018-01-10 06:22:20'),(9,'auth','0005_alter_user_last_login_null','2018-01-10 06:22:20'),(10,'auth','0006_require_contenttypes_0002','2018-01-10 06:22:20'),(11,'auth','0007_alter_validators_add_error_messages','2018-01-10 06:22:20'),(12,'auth','0008_alter_user_username_max_length','2018-01-10 06:22:20'),(13,'auth','0009_alter_user_last_name_max_length','2018-01-10 06:22:20'),(14,'sessions','0001_initial','2018-01-10 06:22:20'),(15,'storageadmin','0001_initial','2018-01-10 08:45:17'),(16,'storageadmin','0002_homestorage','2018-01-10 08:49:43'),(17,'storageadmin','0003_auto_20180118_1338','2018-01-18 13:38:20'),(18,'storageadmin','0004_auto_20180119_0934','2018-01-19 09:34:43'),(19,'storageadmin','0005_profile','2018-01-22 08:27:01'),(20,'storageadmin','0006_auto_20180122_0831','2018-01-22 08:31:05'),(21,'storageadmin','0007_profile','2018-01-22 08:36:58'),(22,'storageadmin','0008_auto_20180124_0924','2018-01-24 09:24:11'),(23,'storageadmin','0009_auto_20180124_1344','2018-01-24 13:44:42'),(24,'storageadmin','0010_storageusage_storage_usage_quota','2018-03-30 13:38:38'),(25,'storageadmin','0011_auto_20180330_1347','2018-03-30 13:47:15'),(26,'storageadmin','0012_auto_20180330_1900','2018-03-30 19:00:28'),(27,'storageadmin','0013_auto_20180417_1145','2018-04-17 11:46:05'),(28,'storageadmin','0014_auto_20180417_1201','2018-04-17 12:01:44');
/*!40000 ALTER TABLE `django_migrations` ENABLE KEYS */;
UNLOCK TABLES;

--
-- Table structure for table `django_session`
--

DROP TABLE IF EXISTS `django_session`;
/*!40101 SET @saved_cs_client     = @@character_set_client */;
/*!40101 SET character_set_client = utf8 */;
CREATE TABLE `django_session` (
  `session_key` varchar(40) NOT NULL,
  `session_data` longtext NOT NULL,
  `expire_date` datetime NOT NULL,
  PRIMARY KEY (`session_key`),
  KEY `django_session_expire_date_a5c62663` (`expire_date`)
) ENGINE=MyISAM DEFAULT CHARSET=latin1;
/*!40101 SET character_set_client = @saved_cs_client */;

--
-- Dumping data for table `django_session`
--

LOCK TABLES `django_session` WRITE;
/*!40000 ALTER TABLE `django_session` DISABLE KEYS */;
INSERT INTO `django_session` VALUES ('v4g432vc2jgdkrn6z67gg74g175paljs','MWQyMWQxOTA1NDE4YmI2OTZkMzQ3MzQ1YTFhMGQ0NzE0YzY2NDU5Nzp7Il9hdXRoX3VzZXJfaWQiOiIxIiwiX2F1dGhfdXNlcl9iYWNrZW5kIjoiZGphbmdvLmNvbnRyaWIuYXV0aC5iYWNrZW5kcy5Nb2RlbEJhY2tlbmQiLCJfYXV0aF91c2VyX2hhc2giOiIyOTQ0Nzg3Mjc5M2JjNjUzZTMyMjZjN2UwNDM2NGQxZDhhZjUyNDI0In0=','2018-01-24 06:23:54'),('xmcfxni0kjo72jtuprtilllx4mo00ke3','ZWRjNDE5OTIwZDE0NzczOTU1NzZlNzUzNzZiZDA4YzdkYTRlMWQzNzp7Il9hdXRoX3VzZXJfaWQiOiIyIiwiX2F1dGhfdXNlcl9iYWNrZW5kIjoiZGphbmdvLmNvbnRyaWIuYXV0aC5iYWNrZW5kcy5Nb2RlbEJhY2tlbmQiLCJfYXV0aF91c2VyX2hhc2giOiIyNDNkZjZkNDZmNjFlMmNmOWFmM2U2MjE1YmM5NTJhMzg3NGYyOTM5In0=','2018-02-07 14:15:06'),('rfeb47wwkilbkyg28wiaht17tkql1u0w','ZWRjNDE5OTIwZDE0NzczOTU1NzZlNzUzNzZiZDA4YzdkYTRlMWQzNzp7Il9hdXRoX3VzZXJfaWQiOiIyIiwiX2F1dGhfdXNlcl9iYWNrZW5kIjoiZGphbmdvLmNvbnRyaWIuYXV0aC5iYWNrZW5kcy5Nb2RlbEJhY2tlbmQiLCJfYXV0aF91c2VyX2hhc2giOiIyNDNkZjZkNDZmNjFlMmNmOWFmM2U2MjE1YmM5NTJhMzg3NGYyOTM5In0=','2018-02-10 09:03:51'),('pafr7lemwt5tehmdf23fnjkj8vvql8vv','ZWRjNDE5OTIwZDE0NzczOTU1NzZlNzUzNzZiZDA4YzdkYTRlMWQzNzp7Il9hdXRoX3VzZXJfaWQiOiIyIiwiX2F1dGhfdXNlcl9iYWNrZW5kIjoiZGphbmdvLmNvbnRyaWIuYXV0aC5iYWNrZW5kcy5Nb2RlbEJhY2tlbmQiLCJfYXV0aF91c2VyX2hhc2giOiIyNDNkZjZkNDZmNjFlMmNmOWFmM2U2MjE1YmM5NTJhMzg3NGYyOTM5In0=','2018-02-22 12:07:37'),('tay012944ewgt4qw9ybefvek9v20m4fp','ZWRjNDE5OTIwZDE0NzczOTU1NzZlNzUzNzZiZDA4YzdkYTRlMWQzNzp7Il9hdXRoX3VzZXJfaWQiOiIyIiwiX2F1dGhfdXNlcl9iYWNrZW5kIjoiZGphbmdvLmNvbnRyaWIuYXV0aC5iYWNrZW5kcy5Nb2RlbEJhY2tlbmQiLCJfYXV0aF91c2VyX2hhc2giOiIyNDNkZjZkNDZmNjFlMmNmOWFmM2U2MjE1YmM5NTJhMzg3NGYyOTM5In0=','2018-04-13 19:07:04'),('xhguus01y0y0hqs79y5m0saqdlnooa6f','ZWRjNDE5OTIwZDE0NzczOTU1NzZlNzUzNzZiZDA4YzdkYTRlMWQzNzp7Il9hdXRoX3VzZXJfaWQiOiIyIiwiX2F1dGhfdXNlcl9iYWNrZW5kIjoiZGphbmdvLmNvbnRyaWIuYXV0aC5iYWNrZW5kcy5Nb2RlbEJhY2tlbmQiLCJfYXV0aF91c2VyX2hhc2giOiIyNDNkZjZkNDZmNjFlMmNmOWFmM2U2MjE1YmM5NTJhMzg3NGYyOTM5In0=','2018-04-07 16:57:27'),('krs4chos4h4ms1fpk8t6dyrlluyqg0pr','ZWRjNDE5OTIwZDE0NzczOTU1NzZlNzUzNzZiZDA4YzdkYTRlMWQzNzp7Il9hdXRoX3VzZXJfaWQiOiIyIiwiX2F1dGhfdXNlcl9iYWNrZW5kIjoiZGphbmdvLmNvbnRyaWIuYXV0aC5iYWNrZW5kcy5Nb2RlbEJhY2tlbmQiLCJfYXV0aF91c2VyX2hhc2giOiIyNDNkZjZkNDZmNjFlMmNmOWFmM2U2MjE1YmM5NTJhMzg3NGYyOTM5In0=','2018-04-17 14:09:38'),('59sdzquiazj3gipdgrux0vso0jy0gy0v','ODAxNzQ0NmQ2YTJiMTMwMDVhZGFhYzQyNjE2OWNhZmU5ZDA2MWZiZjp7Il9hdXRoX3VzZXJfaWQiOiI1NiIsIl9hdXRoX3VzZXJfYmFja2VuZCI6ImRqYW5nby5jb250cmliLmF1dGguYmFja2VuZHMuTW9kZWxCYWNrZW5kIiwiX2F1dGhfdXNlcl9oYXNoIjoiNjgzNmExYTczYjQ1NDQyOGNmM2Y3NzMwZjNmODQ4N2YzOWE0MDhlYiJ9','2018-05-01 14:55:01'),('4fe4yfxjxqnvalpdw53cqkhpaeymqpnu','OWY3MWVhMTBiNGM5NTQxMjg1OGIzN2RjNTMwOTg2ZmZmZjdjMWVlYTp7Il9hdXRoX3VzZXJfaWQiOiIyIiwiX2F1dGhfdXNlcl9iYWNrZW5kIjoiZGphbmdvLmNvbnRyaWIuYXV0aC5iYWNrZW5kcy5Nb2RlbEJhY2tlbmQiLCJfYXV0aF91c2VyX2hhc2giOiI1NDUwOTc3MDM5MzJkMTQwZmExNWNhN2ViYzkxMzQ3MDQ2ODk1ZTJiIiwiX3Bhc3N3b3JkX3Jlc2V0X3Rva2VuIjoiNHZmLTM1MTc0NTUxNDM3MmE0ZjRjZDVkIn0=','2018-05-02 09:18:56');
/*!40000 ALTER TABLE `django_session` ENABLE KEYS */;
UNLOCK TABLES;

--
-- Table structure for table `storageadmin_billingmodel`
--

DROP TABLE IF EXISTS `storageadmin_billingmodel`;
/*!40101 SET @saved_cs_client     = @@character_set_client */;
/*!40101 SET character_set_client = utf8 */;
CREATE TABLE `storageadmin_billingmodel` (
  `id` int(11) NOT NULL AUTO_INCREMENT,
  `cost_per_tb_per_day` double NOT NULL,
  PRIMARY KEY (`id`)
) ENGINE=MyISAM DEFAULT CHARSET=latin1;
/*!40101 SET character_set_client = @saved_cs_client */;

--
-- Dumping data for table `storageadmin_billingmodel`
--

LOCK TABLES `storageadmin_billingmodel` WRITE;
/*!40000 ALTER TABLE `storageadmin_billingmodel` DISABLE KEYS */;
/*!40000 ALTER TABLE `storageadmin_billingmodel` ENABLE KEYS */;
UNLOCK TABLES;

--
-- Table structure for table `storageadmin_profile`
--

DROP TABLE IF EXISTS `storageadmin_profile`;
/*!40101 SET @saved_cs_client     = @@character_set_client */;
/*!40101 SET character_set_client = utf8 */;
CREATE TABLE `storageadmin_profile` (
  `id` int(11) NOT NULL AUTO_INCREMENT,
  `user_id` int(11) NOT NULL,
  `quota_home` double NOT NULL,
  `quota_lustre` double NOT NULL,
  `quota_galaxy` double NOT NULL,
  `usage_galaxy` double NOT NULL,
  `usage_home` double NOT NULL,
  `usage_lustre` double NOT NULL,
  `is_group_leader` tinyint(1) NOT NULL,
  PRIMARY KEY (`id`),
  UNIQUE KEY `user_id` (`user_id`)
) ENGINE=MyISAM AUTO_INCREMENT=184 DEFAULT CHARSET=latin1;
/*!40101 SET character_set_client = @saved_cs_client */;

--
-- Dumping data for table `storageadmin_profile`
--

LOCK TABLES `storageadmin_profile` WRITE;
/*!40000 ALTER TABLE `storageadmin_profile` DISABLE KEYS */;
INSERT INTO `storageadmin_profile` VALUES (1,3,0,0,0,0,0,0,0),(2,2,0,0,0,0,0,0,1),(3,4,0,0,0,0,0,0,1),(4,5,0,0,0,0,0,0,1),(5,6,0,0,0,0,0,0,1),(6,7,0,0,0,0,0,0,1),(7,8,0,0,0,0,0,0,1),(8,9,0,0,0,0,0,0,1),(9,10,0,0,0,0,0,0,1),(10,11,0,0,0,0,0,0,1),(11,12,0,0,0,0,0,0,1),(12,13,0,0,0,0,0,0,1),(13,14,0,0,0,0,0,0,1),(14,15,0,0,0,0,0,0,1),(15,16,0,0,0,0,0,0,1),(16,17,0,0,0,0,0,0,1),(17,18,0,0,0,0,0,0,1),(18,19,0,0,0,0,0,0,1),(19,20,0,0,0,0,0,0,1),(20,21,0,0,0,0,0,0,1),(21,22,0,0,0,0,0,0,1),(22,23,0,0,0,0,0,0,1),(23,24,0,0,0,0,0,0,1),(24,25,0,0,0,0,0,0,1),(25,26,0,0,0,0,0,0,1),(26,27,0,0,0,0,0,0,1),(27,28,0,0,0,0,0,0,1),(28,29,0,0,0,0,0,0,1),(29,30,0,0,0,0,0,0,1),(30,31,0,0,0,0,0,0,1),(31,32,0,0,0,0,0,0,1),(32,33,0,0,0,0,0,0,1),(33,34,0,0,0,0,0,0,1),(34,35,0,0,0,0,0,0,1),(35,36,0,0,0,0,0,0,1),(36,37,0,0,0,0,0,0,1),(37,38,0,0,0,0,0,0,1),(38,39,0,0,0,0,0,0,1),(39,40,0,0,0,0,0,0,1),(40,41,0,0,0,0,0,0,1),(41,42,0,0,0,0,0,0,1),(42,43,0,0,0,0,0,0,1),(43,44,0,0,0,0,0,0,1),(44,45,0,0,0,0,0,0,1),(45,46,0,0,0,0,0,0,1),(46,47,0,0,0,0,0,0,1),(47,48,0,0,0,0,0,0,1),(48,49,0,0,0,0,0,0,1),(49,50,0,0,0,0,0,0,1),(50,51,0,0,0,0,0,0,1),(51,52,0,0,0,0,0,0,1),(52,53,0,0,0,0,0,0,1),(53,54,0,0,0,0,0,0,1),(54,55,0,0,0,0,0,0,1),(55,56,0,0,0,0,0,0,1),(56,57,0,0,0,0,0,0,1),(57,58,0,0,0,0,0,0,1),(58,59,0,0,0,0,0,0,1),(59,60,0,0,0,0,0,0,1),(60,61,0,0,0,0,0,0,1),(61,62,0,0,0,0,0,0,1),(62,63,0,0,0,0,0,0,1),(63,64,0,0,0,0,0,0,1),(64,65,0,0,0,0,0,0,1),(65,66,0,0,0,0,0,0,1),(66,67,0,0,0,0,0,0,1),(67,68,0,0,0,0,0,0,1),(68,69,0,0,0,0,0,0,1),(69,70,0,0,0,0,0,0,1),(70,71,0,0,0,0,0,0,1),(71,72,0,0,0,0,0,0,1),(72,73,0,0,0,0,0,0,1),(73,74,0,0,0,0,0,0,1),(74,75,0,0,0,0,0,0,1),(75,76,0,0,0,0,0,0,1),(76,77,0,0,0,0,0,0,1),(77,78,0,0,0,0,0,0,1),(78,79,0,0,0,0,0,0,1),(79,80,512,1024,512,512,512,1024,0),(80,81,512,1024,512,512,512,1024,0),(81,82,512,1024,512,512,512,1024,0),(82,83,512,1024,512,512,512,1024,0),(83,84,512,1024,512,512,512,1024,0),(84,85,512,1024,512,512,512,1024,0),(85,86,512,1024,512,512,512,1024,0),(86,87,512,1024,512,512,512,1024,0),(87,88,512,1024,512,512,512,1024,0),(88,89,512,1024,512,512,512,1024,0),(89,90,512,1024,512,512,512,1024,0),(90,91,512,1024,512,512,512,1024,0),(91,92,512,1024,512,512,512,1024,0),(92,93,512,1024,512,512,512,1024,0),(93,94,512,1024,512,512,512,1024,0),(94,95,512,1024,512,512,512,1024,0),(95,96,512,1024,512,512,512,1024,0),(96,97,512,1024,512,512,512,1024,0),(97,98,512,1024,512,512,512,1024,0),(98,99,512,1024,512,512,512,1024,0),(99,100,512,1024,512,512,512,1024,0),(100,101,512,1024,512,512,512,1024,0),(101,102,512,1024,512,512,512,1024,0),(102,103,512,1024,512,512,512,1024,0),(103,104,512,1024,512,512,512,1024,0),(104,105,512,1024,512,512,512,1024,0),(105,106,512,1024,512,512,512,1024,0),(106,107,512,1024,512,512,512,1024,0),(107,108,512,1024,512,512,512,1024,0),(108,109,512,1024,512,512,512,1024,0),(109,110,512,1024,512,512,512,1024,0),(110,111,512,1024,512,512,512,1024,0),(111,112,512,1024,512,512,512,1024,0),(112,113,512,1024,512,512,512,1024,0),(113,114,512,1024,512,512,512,1024,0),(114,115,512,1024,512,512,512,1024,0),(115,116,512,1024,512,512,512,1024,0),(116,117,512,1024,512,512,512,1024,0),(117,118,512,1024,512,512,512,1024,0),(118,119,512,1024,512,512,512,1024,0),(119,120,512,1024,512,512,512,1024,0),(120,121,512,1024,512,512,512,1024,0),(121,122,512,1024,512,512,512,1024,0),(122,123,512,1024,512,512,512,1024,0),(123,124,512,1024,512,512,512,1024,0),(124,125,512,1024,512,512,512,1024,0),(125,126,512,1024,512,512,512,1024,0),(126,127,512,1024,512,512,512,1024,0),(127,128,512,1024,512,512,512,1024,0),(128,129,512,1024,512,512,512,1024,0),(129,130,512,1024,512,512,512,1024,0),(130,131,512,1024,512,512,512,1024,0),(131,132,512,1024,512,512,512,1024,0),(132,133,512,1024,512,512,512,1024,0),(133,134,512,1024,512,512,512,1024,0),(134,135,512,1024,512,512,512,1024,0),(135,136,512,1024,512,512,512,1024,0),(136,137,512,1024,512,512,512,1024,0),(137,138,512,1024,512,512,512,1024,0),(138,139,512,1024,512,512,512,1024,0),(139,140,512,1024,512,512,512,1024,0),(140,141,512,1024,512,512,512,1024,0),(141,142,512,1024,512,512,512,1024,0),(142,143,512,1024,512,512,512,1024,0),(143,144,512,1024,512,512,512,1024,0),(144,145,512,1024,512,512,512,1024,0),(145,146,512,1024,512,512,512,1024,0),(146,147,512,1024,512,512,512,1024,0),(147,148,512,1024,512,512,512,1024,0),(148,149,512,1024,512,512,512,1024,0),(149,150,512,1024,512,512,512,1024,0),(150,151,512,1024,512,512,512,1024,0),(151,152,512,1024,512,512,512,1024,0),(152,153,512,1024,512,512,512,1024,0),(153,154,512,1024,512,512,512,1024,0),(154,155,512,1024,512,512,512,1024,0),(155,156,512,1024,512,512,512,1024,0),(156,157,512,1024,512,512,512,1024,0),(157,158,512,1024,512,512,512,1024,0),(158,159,512,1024,512,512,512,1024,0),(159,160,512,1024,512,512,512,1024,0),(160,161,512,1024,512,512,512,1024,0),(161,162,512,1024,512,512,512,1024,0),(162,163,512,1024,512,512,512,1024,0),(163,164,512,1024,512,512,512,1024,0),(164,165,512,1024,512,512,512,1024,0),(165,166,512,1024,512,512,512,1024,0),(166,167,512,1024,512,512,512,1024,0),(167,168,512,1024,512,512,512,1024,0),(168,169,512,1024,512,512,512,1024,0),(169,170,512,1024,512,512,512,1024,0),(170,171,512,1024,512,512,512,1024,0),(171,172,512,1024,512,512,512,1024,0),(172,173,512,1024,512,512,512,1024,0),(173,174,512,1024,512,512,512,1024,0),(174,175,512,1024,512,512,512,1024,0),(175,176,512,1024,512,512,512,1024,0),(176,177,512,1024,512,512,512,1024,0),(177,178,512,1024,512,512,512,1024,0),(178,179,512,1024,512,512,512,1024,0),(179,180,512,1024,512,512,512,1024,0),(180,181,512,1024,512,512,512,1024,0),(181,182,512,1024,512,512,512,1024,0),(182,183,512,1024,512,512,512,1024,0),(183,184,512,1024,512,512,512,1024,0);
/*!40000 ALTER TABLE `storageadmin_profile` ENABLE KEYS */;
UNLOCK TABLES;

--
-- Table structure for table `storageadmin_storageusage`
--

DROP TABLE IF EXISTS `storageadmin_storageusage`;
/*!40101 SET @saved_cs_client     = @@character_set_client */;
/*!40101 SET character_set_client = utf8 */;
CREATE TABLE `storageadmin_storageusage` (
  `id` int(11) NOT NULL AUTO_INCREMENT,
  `storage_date` datetime NOT NULL,
  `storage_usage_amount` double NOT NULL,
  `storage_user_id` int(11) NOT NULL,
  `storage_volume_id` int(11) NOT NULL,
  PRIMARY KEY (`id`),
  KEY `storageadmin_storageusage_storage_user_id_c9def861` (`storage_user_id`),
  KEY `storageadmin_storageusage_storage_volume_id_3814abf6` (`storage_volume_id`)
) ENGINE=MyISAM AUTO_INCREMENT=15 DEFAULT CHARSET=latin1;
/*!40101 SET character_set_client = @saved_cs_client */;

--
-- Dumping data for table `storageadmin_storageusage`
--

LOCK TABLES `storageadmin_storageusage` WRITE;
/*!40000 ALTER TABLE `storageadmin_storageusage` DISABLE KEYS */;
INSERT INTO `storageadmin_storageusage` VALUES (1,'2018-01-19 09:35:59',2112312,2,1),(2,'2018-01-19 12:09:36',12345,2,1),(3,'2018-01-19 12:10:00',1123812,2,1),(4,'2018-01-19 12:10:07',123890,2,1),(5,'2018-01-19 12:10:15',1110000,2,1),(6,'2018-01-19 14:16:32',720589224,2,2),(7,'2018-01-19 14:17:03',720589224,2,2),(8,'2018-01-19 14:18:55',720589224,2,2),(9,'2018-01-22 07:30:09',720589224,2,2),(10,'2018-01-22 08:01:16',19607056944,2,1),(11,'2018-01-22 08:13:38',19607056944,2,1),(12,'2018-01-22 08:15:49',19607056944,2,1),(13,'2018-01-22 08:16:00',19607056944,2,1),(14,'2018-01-22 08:16:00',720589224,2,2);
/*!40000 ALTER TABLE `storageadmin_storageusage` ENABLE KEYS */;
UNLOCK TABLES;

--
-- Table structure for table `storageadmin_storagevolume`
--

DROP TABLE IF EXISTS `storageadmin_storagevolume`;
/*!40101 SET @saved_cs_client     = @@character_set_client */;
/*!40101 SET character_set_client = utf8 */;
CREATE TABLE `storageadmin_storagevolume` (
  `id` int(11) NOT NULL AUTO_INCREMENT,
  `storage_volume_name` varchar(30) NOT NULL,
  `storage_volume_path` varchar(30) NOT NULL,
  PRIMARY KEY (`id`)
) ENGINE=MyISAM AUTO_INCREMENT=3 DEFAULT CHARSET=latin1;
/*!40101 SET character_set_client = @saved_cs_client */;

--
-- Dumping data for table `storageadmin_storagevolume`
--

LOCK TABLES `storageadmin_storagevolume` WRITE;
/*!40000 ALTER TABLE `storageadmin_storagevolume` DISABLE KEYS */;
INSERT INTO `storageadmin_storagevolume` VALUES (1,'Lustre','/lustre'),(2,'Home','/home');
/*!40000 ALTER TABLE `storageadmin_storagevolume` ENABLE KEYS */;
UNLOCK TABLES;
/*!40103 SET TIME_ZONE=@OLD_TIME_ZONE */;

/*!40101 SET SQL_MODE=@OLD_SQL_MODE */;
/*!40014 SET FOREIGN_KEY_CHECKS=@OLD_FOREIGN_KEY_CHECKS */;
/*!40014 SET UNIQUE_CHECKS=@OLD_UNIQUE_CHECKS */;
/*!40101 SET CHARACTER_SET_CLIENT=@OLD_CHARACTER_SET_CLIENT */;
/*!40101 SET CHARACTER_SET_RESULTS=@OLD_CHARACTER_SET_RESULTS */;
/*!40101 SET COLLATION_CONNECTION=@OLD_COLLATION_CONNECTION */;
/*!40111 SET SQL_NOTES=@OLD_SQL_NOTES */;

-- Dump completed on 2018-04-18 12:20:59
